Species,count,avg_sepal_length,avg_petal_length,avg_sepal_area
Iris-setosa,7,5.528571428571428,1.4714285714285715,22.354285714285712
Iris-virginica,26,7.019230769230769,5.8769230769230765,22.19961538461539
Iris-versicolor,8,6.587500000000001,4.675000000000001,20.887500000000003
