Species,count,avg_sepal_length,avg_petal_length,avg_sepal_area
Iris-Setosa,7,5.528571428571429,1.4714285714285715,22.354285714285716
Iris-Versicolor,8,6.5875,4.675,20.8875
Iris-Virginica,26,7.019230769230769,5.876923076923077,22.199615384615388
